,have,love,use,send,get,like,add,Love,make,give,open,receive,see,need,create,update,download,change,call,save,fix,delete,find,install,keep,do,want,take,show,play,hate,put,block,read,access,set,Need,remove,chat,enjoy,watch,Add,share,sign,text,verify,login,check,bring,register
app,82,823,768,6,50,314,8,823,27,6,149,1,11,29,9,127,144,8,56,3,23,38,17,105,2,177,18,2,4,6,33,5,15,3,17,8,29,9,46,40,0,8,5,15,30,2,1,8,2,9
browser,8,61,85,0,4,28,4,61,8,2,8,0,2,3,0,8,1,1,0,1,0,0,0,2,1,8,2,0,0,1,1,0,11,3,0,5,3,0,1,10,0,4,0,1,0,0,0,0,0,0
account,50,3,15,1,22,0,13,3,97,1,35,0,1,4,165,8,0,3,2,1,1,18,4,0,1,3,2,2,0,0,0,2,23,0,14,19,4,3,7,1,0,13,0,16,0,14,23,2,2,11
phone,84,7,59,4,42,3,12,7,37,12,3,8,4,12,2,10,2,30,59,3,3,2,1,3,5,3,7,9,5,2,0,9,4,0,3,12,12,0,0,1,0,12,0,2,3,10,0,1,1,4
experience,58,8,17,0,3,0,2,8,0,8,0,0,8,0,1,3,2,4,9,0,1,0,1,0,1,5,0,0,2,1,2,0,1,0,0,0,0,0,1,6,0,2,0,0,1,0,0,0,0,0
number,79,4,46,5,33,0,20,4,3,27,0,3,4,13,3,4,1,22,6,19,0,12,4,2,12,5,6,9,11,0,0,11,13,1,0,2,13,0,0,0,0,20,1,4,5,19,3,0,0,11
App,82,823,768,6,50,314,8,823,27,6,149,1,11,29,9,127,144,8,56,3,23,38,17,105,2,177,18,2,4,6,33,5,15,3,17,8,29,9,46,40,0,8,5,15,30,2,1,8,2,9
service,19,9,25,0,10,6,3,9,1,2,1,1,0,4,0,8,0,1,4,0,0,0,1,1,1,1,0,0,0,5,0,0,0,0,0,0,4,1,1,4,0,3,0,0,1,0,0,0,0,1
call,20,7,14,3,31,2,8,7,157,5,1,61,5,8,0,4,1,3,897,1,2,5,2,0,3,16,1,4,2,0,0,0,3,1,3,3,8,1,1,5,0,8,2,6,17,0,0,0,2,1
message,16,6,11,293,59,2,4,6,2,4,11,87,21,1,0,4,2,2,6,4,4,41,3,2,8,8,4,0,12,2,2,1,8,20,2,2,1,2,3,2,0,4,3,1,54,1,0,7,2,0
problem,217,2,11,5,5,1,2,2,0,15,1,3,1,2,6,7,7,0,4,3,33,0,1,0,0,8,0,0,1,0,0,0,0,0,0,0,2,0,1,0,0,2,1,5,1,0,10,1,0,0
application,2,15,42,0,1,10,1,15,0,0,5,0,0,1,2,3,1,0,0,0,1,0,1,6,0,3,2,0,0,0,1,0,0,0,0,1,1,0,2,0,0,1,0,0,1,0,0,0,0,0
video,12,5,10,41,5,3,8,5,16,1,2,7,5,5,0,2,27,1,117,11,3,1,2,0,1,34,1,1,4,29,0,0,2,1,1,1,5,1,9,4,32,8,8,1,1,0,0,0,1,0
Google,23,37,93,0,2,8,3,37,0,6,2,1,2,0,3,7,2,0,4,0,2,2,1,1,4,2,1,0,0,10,3,1,0,0,1,0,0,1,0,1,1,3,0,2,0,0,0,0,0,0
option,41,5,8,3,7,4,66,5,9,30,0,0,6,14,2,4,4,4,7,4,1,14,6,1,4,69,7,3,2,2,1,1,5,3,0,7,14,10,9,0,0,66,1,2,1,0,1,0,6,0
email,19,4,25,65,36,3,16,4,4,7,48,39,24,5,3,6,0,8,0,3,1,29,3,0,1,1,1,1,5,0,0,7,6,8,5,6,5,1,0,0,0,16,1,2,2,3,1,9,1,0
update,3,15,10,1,31,20,1,15,6,6,1,5,5,30,0,697,4,1,4,0,1,1,0,8,0,14,2,2,1,8,13,0,0,0,0,2,30,6,4,3,0,1,1,1,0,5,0,0,4,0
code,3,0,11,72,68,0,1,0,1,8,0,72,0,7,0,0,0,1,3,0,1,0,2,0,0,4,1,0,4,0,0,3,1,1,0,1,7,4,1,0,0,1,1,2,2,2,5,0,1,0
time,33,0,17,3,9,0,5,0,0,2,1,0,5,5,0,9,2,0,5,11,0,0,0,0,0,4,0,48,9,2,0,3,0,0,0,6,5,0,0,1,0,5,0,0,2,1,1,0,3,0
verification,2,0,3,77,43,0,2,0,0,1,0,48,1,7,0,0,0,3,3,0,8,0,0,0,0,5,1,0,2,0,1,0,2,0,0,1,7,2,0,0,0,2,0,2,9,0,1,0,1,0
quality,5,4,6,1,3,2,0,4,2,1,0,1,2,2,0,0,0,0,33,0,2,0,0,0,1,0,1,0,0,0,0,0,0,0,0,0,2,0,1,3,0,0,0,0,0,0,0,0,2,0
text,8,12,16,65,25,2,1,12,2,4,0,41,7,6,0,0,2,3,17,1,1,2,1,0,2,7,2,1,3,1,0,1,3,5,1,15,6,0,1,1,0,1,1,0,417,1,0,0,1,0
work,9,2,7,0,7,0,3,2,3,1,0,0,1,13,0,3,0,1,6,0,1,0,1,2,36,16,1,0,3,2,0,1,3,0,2,0,13,0,1,0,0,3,0,0,2,0,0,1,0,0
way,14,8,6,0,6,8,3,8,1,2,0,0,1,6,0,0,0,1,4,0,0,0,14,0,0,2,0,1,0,0,0,0,0,0,0,0,6,0,0,1,0,3,0,0,1,0,2,0,0,0
star,5,1,1,0,7,0,3,1,0,187,0,1,1,2,0,3,1,0,3,0,0,1,0,2,0,3,0,3,0,0,1,4,0,0,0,1,2,0,0,0,0,3,0,1,0,0,0,0,1,0
messenger,3,27,13,0,3,15,0,27,1,1,25,0,0,2,0,5,5,0,0,0,1,0,1,3,1,5,1,0,0,0,0,0,0,1,0,1,2,0,1,1,0,0,0,0,0,1,0,0,1,0
contact,13,4,11,0,9,3,24,4,1,0,5,0,7,3,4,10,2,4,2,53,3,31,8,2,8,6,3,0,15,1,0,1,3,2,20,3,3,3,1,0,0,24,0,0,1,0,0,0,0,0
Good,69,16,35,2,7,2,4,16,3,11,0,1,6,5,0,8,4,0,48,0,0,0,2,2,34,51,1,0,0,1,2,0,13,1,1,2,5,1,21,0,1,4,1,8,15,0,0,1,2,0
voice,20,29,88,4,5,5,3,29,3,3,0,6,2,2,1,0,1,6,18,5,4,1,0,0,1,2,1,1,0,2,0,0,1,0,0,1,2,0,3,3,0,3,0,0,2,0,0,0,1,0
password,8,0,9,1,33,0,0,0,0,4,0,0,2,1,2,1,0,21,3,6,1,0,0,0,0,3,0,0,0,0,0,6,0,0,3,16,1,0,2,0,0,0,0,5,0,0,2,1,2,0
mail,30,30,61,91,49,11,25,30,4,7,63,41,25,6,9,11,1,8,1,3,1,29,3,1,2,4,3,1,7,0,0,8,7,12,6,6,6,1,0,0,0,25,1,2,3,3,5,10,2,0
lot,48,3,17,4,9,6,3,3,3,2,0,0,2,12,0,1,0,0,3,4,0,1,2,0,0,3,1,19,1,0,0,1,2,1,1,0,12,0,0,2,0,3,0,1,0,0,0,0,0,1
issue,155,1,9,1,4,0,0,1,0,1,0,0,1,0,1,2,3,0,3,1,21,0,1,0,0,4,0,1,0,0,0,0,0,0,1,0,0,0,0,0,0,0,0,3,1,0,3,0,0,0
people,1,0,3,1,1,0,8,0,0,0,0,0,5,1,0,0,0,0,21,0,0,0,1,0,1,2,0,0,1,0,1,1,2,0,0,0,1,0,2,0,0,8,1,0,14,0,0,0,0,0
WhatsApp,3,10,25,0,2,7,0,10,3,0,7,0,1,5,0,18,3,0,4,0,0,3,1,8,0,7,2,0,0,0,0,0,0,0,7,1,5,3,0,1,0,0,1,0,0,0,0,1,0,1
Awesome,2,2,1,0,0,0,1,2,0,0,0,0,0,0,0,1,0,0,1,1,0,0,1,0,0,1,0,0,0,1,0,0,0,0,0,0,0,0,0,0,0,1,0,0,3,0,0,0,0,0
feature,50,17,14,0,5,10,46,17,1,1,2,0,4,11,3,7,0,2,8,1,1,1,3,0,0,5,0,2,1,0,2,2,6,3,1,0,11,12,5,1,0,46,1,2,3,0,0,1,4,0
Browser,8,61,85,0,4,28,4,61,8,2,8,0,2,3,0,8,1,1,0,1,0,0,0,2,1,8,2,0,0,1,1,0,11,3,0,5,3,0,1,10,0,4,0,1,0,0,0,0,0,0
line,15,11,30,0,4,6,5,11,1,0,8,0,2,8,1,8,4,0,6,2,1,1,2,5,2,18,1,0,3,4,1,0,0,1,5,2,8,1,5,0,1,5,0,1,2,0,1,0,2,1
job,2,2,0,0,4,0,0,2,0,0,0,0,0,0,0,0,0,0,0,0,0,0,0,0,0,16,0,0,0,1,0,0,0,0,0,0,0,0,0,0,0,0,0,0,0,0,0,0,0,0
chat,13,10,30,5,5,4,6,10,6,4,43,0,4,6,5,4,3,4,1,1,2,8,4,5,1,10,2,0,1,1,5,2,2,1,2,1,6,0,411,1,0,6,0,0,1,1,1,1,5,0
Love,3,1734,7,0,2,1,4,1734,1,1,0,0,2,0,0,15,0,1,7,1,1,0,1,0,0,3,0,0,1,3,0,1,8,4,0,1,0,0,10,1,0,4,0,12,12,0,0,0,0,0
ad,81,18,36,10,30,18,629,18,3,18,8,4,18,17,1,33,435,11,18,6,5,13,4,1,5,568,18,10,17,4,16,1,164,135,2,16,17,14,23,3,5,629,2,10,12,0,2,0,2,1
support,4,0,3,1,4,1,12,0,1,1,2,0,3,6,0,0,1,0,4,0,0,0,0,0,2,6,0,1,0,1,0,0,0,0,0,1,6,7,1,0,0,12,0,1,5,0,1,0,0,0
error,11,0,2,1,25,0,0,0,1,6,1,3,1,0,1,2,0,0,1,3,1,0,0,1,0,0,0,0,18,0,0,0,0,0,6,0,0,0,0,0,1,0,0,5,0,0,6,0,0,0
notification,6,0,1,20,88,1,4,0,0,19,0,36,6,1,1,0,2,4,4,0,5,0,0,0,1,3,0,0,7,3,1,0,3,3,0,5,1,1,0,0,0,4,0,1,4,0,0,0,0,0
aap,1,1,4,0,0,2,0,1,0,0,0,0,0,0,1,2,0,1,2,0,0,0,0,2,0,3,0,0,0,0,0,0,1,0,0,0,0,1,0,0,0,0,0,0,0,0,0,0,0,0
version,3,2,8,1,3,9,1,2,2,2,0,0,0,3,0,16,7,0,0,0,1,0,2,2,0,12,4,0,0,0,1,1,0,0,0,1,3,0,0,1,2,1,0,0,1,0,0,0,3,0
web,4,5,13,1,4,3,2,5,2,1,5,0,1,0,0,1,0,0,1,3,1,0,0,0,0,3,0,0,0,0,0,0,2,2,0,2,0,0,1,2,1,2,0,0,0,0,0,0,0,0
privacy,6,14,1,0,0,5,2,14,0,1,1,0,0,5,0,0,0,0,0,0,0,0,0,0,1,0,3,2,1,0,0,0,0,0,0,2,5,0,1,2,0,2,0,1,0,0,0,0,0,0
